ADM2_EN,ADM2_UA,ADM2_RU,ADM2_PCODE,ADM1_EN,ADM1_UA,ADM1_RU,ADM1_PCODE,ADM0_EN,ADM0_UA,ADM0_RU,ADM0_PCODE,AREA_SQKM,ADM2_POLYGON_PARTS,ADM3_COUNT,ADM4_COUNT,ADM2_RP_LAT,ADM2_RP_LON,ORIENTATION,ADM2_FAO_PCODE,ADM2_FAO_EN,ADM2_UNHCR_PCODE,ADM2_UNHCR_NAME,CODETOPO,ADM2_TYPE_EN,ADM2_TYPE_UA,KOATUU,Minrehion
Bakhchysaraiskyi,Бахчисарайський,Бахчисарайский,UA0102,Autonomous Republic of Crimea,Автономна Республіка Крим,Автономная Республика Крым,UA01,Ukraine,Україна,Украина,UA,2381.94751,1,18,116,44.65944872,33.83442735,landscape,UA0102,Bakhchysaraiskyi,23UKR001002,Bakhchysaraiskyi,81300000,Region,Район,0120400000,UA01020000000022387
Bilohirskyi,Білогірський,Белогорский,UA0104,Autonomous Republic of Crimea,Автономна Республіка Крим,Автономная Республика Крым,UA01,Ukraine,Україна,Украина,UA,2929.519531,17,38,138,45.06478360,34.57573835,portrait,UA0104,Bilohirskyi,23UKR001004,Bilohirskyi,81300000,Region,Район,0120700000,UA01040000000069938
Dzhankoiskyi,Джанкойський,Джанкойский,UA0106,Autonomous Republic of Crimea,Автономна Республіка Крим,Автономная Республика Крым,UA01,Ukraine,Україна,Украина,UA,2173.963135,94,29,114,45.73860446,34.38241753,portrait,UA0106,Dzhankoiskyi,23UKR001006,Dzhankoiskyi,81300000,Region,Район,0121100000,UA01060000000028159
Yevpatoriiskyi,Євпаторійський,Евпаторийский,UA0108,Autonomous Republic of Crimea,Автономна Республіка Крим,Автономная Республика Крым,UA01,Ukraine,Україна,Украина,UA,3870.14502,1,40,118,45.35118518,33.21824533,landscape,UA0108,Yevpatoriiskyi,23UKR001008,Yevpatoriiskyi,81300000,Region,Район,новий,UA01080000000090798
Kerchynskyi,Керченський,Керченский,UA0110,Autonomous Republic of Crimea,Автономна Республіка Крим,Автономная Республика Крым,UA01,Ukraine,Україна,Украина,UA,3025.659424,8,28,69,45.25187091,36.02401743,landscape,UA0110,Kerchynskyi,23UKR001010,Kerchynskyi,81300000,Region,Район,новий,UA01100000000047924
Krasnohvardiiskyi,Красногвардійський,Красногвардейский,UA0112,Autonomous Republic of Crimea,Автономна Республіка Крим,Автономная Республика Крым,UA01,Ukraine,Україна,Украина,UA,3247.569092,1,37,126,45.49201626,34.06314049,landscape,UA0112,Kurmanskyi,23UKR001012,Kurmanskyi,81300000,Region,Район,новий,UA01120000000061837
Krasnoperekopskyi,Красноперекопський,Красноперекопский,UA0114,Autonomous Republic of Crimea,Автономна Республіка Крим,Автономная Республика Крым,UA01,Ukraine,Україна,Украина,UA,2476.466064,6,27,84,45.81612117,33.62788292,portrait,UA0114,Perekopskyi,23UKR001014,Perekopskyi,81300000,Region,Район,0122300000,UA01140000000010124
Simferopolskyi,Сімферопольський,Симферопольский,UA0116,Autonomous Republic of Crimea,Автономна Республіка Крим,Автономная Республика Крым,UA01,Ukraine,Україна,Украина,UA,1854.903687,1,24,115,44.98377359,34.05975520,landscape,UA0116,Simferopolskyi,23UKR001016,Simferopolskyi,81300000,Region,Район,новий,UA01160000000090126
Feodosiiskyi,Феодосійський,Феодосийский,UA0118,Autonomous Republic of Crimea,Автономна Республіка Крим,Автономная Республика Крым,UA01,Ukraine,Україна,Украина,UA,2709.414307,19,40,112,45.18107900,35.10586732,portrait,UA0118,Feodosiiskyi,23UKR001018,Feodosiiskyi,81300000,Region,Район,новий,UA01180000000068971
Yaltynskyi,Ялтинський,Ялтинский,UA0120,Autonomous Republic of Crimea,Автономна Республіка Крим,Автономная Республика Крым,UA01,Ukraine,Україна,Украина,UA,889.1004639,1,16,58,44.66375540,34.33163013,landscape,UA0120,Yaltynskyi,23UKR001020,Yaltynskyi,81300000,Region,Район,новий,UA01200000000063976
Vinnytskyi,Вінницький,Винницкий,UA0502,Vinnytska,Вінницька,Винницкая,UA05,Ukraine,Україна,Украина,UA,6890.972656,1,16,410,49.17068567,28.84011642,landscape,UA0502,Vinnytskyi,23UKR005002,Vinnytskyi,81300000,Region,Район,0520600000,UA05020000000026686
Haisynskyi,Гайсинський,Гайсинский,UA0504,Vinnytska,Вінницька,Винницкая,UA05,Ukraine,Україна,Украина,UA,5676.53418,1,14,264,48.55752077,29.51830312,portrait,UA0504,Haisynskyi,23UKR005004,Haisynskyi,81300000,Region,Район,0520800000,UA05040000000050292
Zhmerynskyi,Жмеринський,Жмеринский,UA0506,Vinnytska,Вінницька,Винницкая,UA05,Ukraine,Україна,Украина,UA,3145.972412,1,8,216,48.94950910,27.91719775,landscape,UA0506,Zhmerynskyi,23UKR005006,Zhmerynskyi,81300000,Region,Район,0521000000,UA05060000000061926
Mohyliv-Podilskyi,Могилів-Подільський,Могилев-Подольский,UA0508,Vinnytska,Вінницька,Винницкая,UA05,Ukraine,Україна,Украина,UA,3221.109375,1,7,195,48.49386503,27.98241239,portrait,UA0508,Mohyliv-Podilskyi,23UKR005008,Mohyliv-Podilskyi,81300000,Region,Район,0522600000,UA05080000000040234
Tulchynskyi,Тульчинський,Тульчинский,UA0510,Vinnytska,Вінницька,Винницкая,UA05,Ukraine,Україна,Украина,UA,3856.263672,1,9,189,48.56232592,28.67777010,portrait,UA0510,Tulchynskyi,23UKR005010,Tulchynskyi,81300000,Region,Район,0524300000,UA05100000000022396
Khmilnytskyi,Хмільницький,Хмельницкий,UA0512,Vinnytska,Вінницька,Винницкая,UA05,Ukraine,Україна,Украина,UA,3700.238525,1,9,229,49.60736049,28.41207228,landscape,UA0512,Khmilnytskyi,23UKR005012,Khmilnytskyi,81300000,Region,Район,0524800000,UA05120000000017020
Volodymyrskyi,Володимирський,Владимирский,UA0702,Volynska,Волинська,Волынская,UA07,Ukraine,Україна,Украина,UA,2558.495605,1,11,201,50.76634325,24.43152613,landscape,UA0702,Volodymyr-Volynskyi,23UKR007002,Volodymyr-Volynskyi,81300000,Region,Район,0720500000,UA07020000000048211
Kamin-Kashyrskyi,Камінь-Каширський,Камень-Каширский,UA0704,Volynska,Волинська,Волынская,UA07,Ukraine,Україна,Украина,UA,4688.489746,1,5,155,51.58008851,25.17547994,portrait,UA0704,Kamin-Kashyrskyi,23UKR007004,Kamin-Kashyrskyi,81300000,Region,Район,0721400000,UA07040000000026412
Kovelskyi,Ковельський,Ковельский,UA0706,Volynska,Волинська,Волынская,UA07,Ukraine,Україна,Украина,UA,7650.148438,1,23,380,51.31632028,24.38455426,landscape,UA0706,Kovelskyi,23UKR007006,Kovelskyi,81300000,Region,Район,0722100000,UA07060000000092268
Lutskyi,Луцький,Луцкий,UA0708,Volynska,Волинська,Волынская,UA07,Ukraine,Україна,Украина,UA,5248.286621,1,15,351,50.84740093,25.33175307,landscape,UA0708,Lutskyi,23UKR007008,Lutskyi,81300000,Region,Район,0722800000,UA07080000000034745
Dniprovskyi,Дніпровський,Днипровский,UA1202,Dnipropetrovska,Дніпропетровська,Днепропетровская,UA12,Ukraine,Україна,Украина,UA,5599.853027,1,17,234,48.39354196,34.92645140,portrait,UA1202,Dniprovskyi,23UKR012002,Dniprovskyi,81300000,Region,Район,1221400000,UA12020000000052809
Kamianskyi,Кам’янський,Каменский,UA1204,Dnipropetrovska,Дніпропетровська,Днепропетровская,UA12,Ukraine,Україна,Украина,UA,4808.241699,2,12,274,48.47979768,34.11543586,landscape,UA1204,Kamianskyi,23UKR012004,Kamianskyi,81300000,Region,Район,новий,UA12040000000032213
Kryvorizkyi,Криворізький,Криворожский,UA1206,Dnipropetrovska,Дніпропетровська,Днепропетровская,UA12,Ukraine,Україна,Украина,UA,5732.159668,1,15,282,47.88744345,33.59862883,portrait,UA1206,Kryvorizkyi,23UKR012006,Kryvorizkyi,81300000,Region,Район,1221800000,UA12060000000022633
Nikopolskyi,Нікопольський,Никопольский,UA1208,Dnipropetrovska,Дніпропетровська,Днепропетровская,UA12,Ukraine,Україна,Украина,UA,3241.13501,1,8,130,47.74592723,34.47315780,landscape,UA1208,Nikopolskyi,23UKR012008,Nikopolskyi,81300000,Region,Район,1222900000,UA12080000000023578
Novomoskovskyi,Новомосковський,Новомосковский,UA1210,Dnipropetrovska,Дніпропетровська,Днепропетровская,UA12,Ukraine,Україна,Украина,UA,3473.427734,1,8,110,48.86936446,35.21237659,landscape,UA1210,Novomoskovskyi,23UKR012010,Novomoskovskyi,81300000,Region,Район,1223200000,UA12100000000039307
Pavlohradskyi,Павлоградський,Павлоградский,UA1212,Dnipropetrovska,Дніпропетровська,Днепропетровская,UA12,Ukraine,Україна,Украина,UA,2429.797363,1,7,98,48.63746356,35.91312079,portrait,UA1212,Pavlohradskyi,23UKR012012,Pavlohradskyi,81300000,Region,Район,1223500000,UA12120000000089862
Synelnykivskyi,Синельниківський,Синельниковский,UA1214,Dnipropetrovska,Дніпропетровська,Днепропетровская,UA12,Ukraine,Україна,Украина,UA,6626.323242,1,19,372,48.20862950,36.20935066,landscape,UA1214,Synelnykivskyi,23UKR012014,Synelnykivskyi,81300000,Region,Район,1224800000,UA12140000000011720
Bakhmutskyi,Бахмутський,Бахмутский,UA1402,Donetska,Донецька,Донецкая,UA14,Ukraine,Україна,Украина,UA,1745.663208,14,7,112,48.64956395,38.08650770,portrait,UA1402,Bakhmutskyi,23UKR014002,Bakhmutskyi,81300000,Region,Район,1420900000,UA14020000000013572
Volnovaskyi,Волноваський,Волновахский,UA1404,Donetska,Донецька,Донецкая,UA14,Ukraine,Україна,Украина,UA,4454.374023,1,8,158,47.67123837,37.19036821,landscape,UA1404,Volnovaskyi,23UKR014004,Volnovaskyi,81300000,Region,Район,1421500000,UA14040000000098211
Horlivskyi,Горлівський,Горловский,UA1406,Donetska,Донецька,Донецкая,UA14,Ukraine,Україна,Украина,UA,2455.540527,1,9,132,48.14620586,38.43945565,landscape,UA1406,Horlivskyi,23UKR014006,Horlivskyi,81300000,Region,Район,новий,UA14060000000024357
Donetskyi,Донецький,Донецкий,UA1408,Donetska,Донецька,Донецкая,UA14,Ukraine,Україна,Украина,UA,2892.587891,6,6,152,47.90760470,38.20451380,landscape,UA1408,Donetskyi,23UKR014008,Donetskyi,81300000,Region,Район,новий,UA14080000000098686
Kalmiuskyi,Кальміуський,Кальмиусский,UA1410,Donetska,Донецька,Донецкая,UA14,Ukraine,Україна,Украина,UA,3127.026123,2,5,156,47.56321535,38.08355608,portrait,UA1410,Kalmiuskyi,23UKR014010,Kalmiuskyi,81300000,Region,Район,новий,UA14100000000010319
Kramatorskyi,Краматорський,Краматорский,UA1412,Donetska,Донецька,Донецкая,UA14,Ukraine,Україна,Украина,UA,5186.754883,1,12,235,48.76802362,37.51660060,portrait,UA1412,Kramatorskyi,23UKR014012,Kramatorskyi,81300000,Region,Район,новий,UA14120000000070232
Mariupolskyi,Маріупольський,Мариупольский,UA1414,Donetska,Донецька,Донецкая,UA14,Ukraine,Україна,Украина,UA,2633.563965,1,5,89,47.18444513,37.37040629,landscape,UA1414,Mariupolskyi,23UKR014014,Mariupolskyi,81300000,Region,Район,новий,UA14140000000070889
Pokrovskyi,Покровський,Покровский,UA1416,Donetska,Донецька,Донецкая,UA14,Ukraine,Україна,Украина,UA,4004.292969,4,14,264,48.22403863,37.31278440,portrait,UA1416,Pokrovskyi,23UKR014016,Pokrovskyi,81300000,Region,Район,1422700000,UA14160000000061982
Berdychivskyi,Бердичівський,Бердичевский,UA1802,Zhytomyrska,Житомирська,Житомирская,UA18,Ukraine,Україна,Украина,UA,3012.204102,1,10,162,49.95780039,28.81150805,landscape,UA1802,Berdychivskyi,23UKR018002,Berdychivskyi,81300000,Region,Район,1820800000,UA18020000000072859
Zhytomyrskyi,Житомирський,Житомирский,UA1804,Zhytomyrska,Житомирська,Житомирская,UA18,Ukraine,Україна,Украина,UA,10506.95703,1,31,684,50.35454199,28.65700327,landscape,UA1804,Zhytomyrskyi,23UKR018004,Zhytomyrskyi,81300000,Region,Район,1822000000,UA18040000000058965
Korostenskyi,Коростенський,Коростенский,UA1806,Zhytomyrska,Житомирська,Житомирская,UA18,Ukraine,Україна,Украина,UA,11071.9082,1,13,529,51.14095994,28.61069778,landscape,UA1806,Korostenskyi,23UKR018006,Korostenskyi,81300000,Region,Район,1822300000,UA18060000000021754
Zviahelskyi,Звягельський,Звягельский,UA1808,Zhytomyrska,Житомирська,Житомирская,UA18,Ukraine,Україна,Украина,UA,5240.665527,1,12,293,50.64488876,27.69776752,portrait,UA1808,Novohrad-Volynskyi,23UKR018008,Novohrad-Volynskyi,81300000,Region,Район,1824000000,UA18080000000016657
Berehivskyi,Берегівський,Береговский,UA2102,Zakarpatska,Закарпатська,Закарпатская,UA21,Ukraine,Україна,Украина,UA,1458.065186,1,10,105,48.18423218,22.83322903,landscape,UA2102,Berehivskyi,23UKR021002,Berehivskyi,81300000,Region,Район,2120400000,UA21020000000051405
Mukachivskyi,Мукачівський,Мукачевский,UA2104,Zakarpatska,Закарпатська,Закарпатская,UA21,Ukraine,Україна,Украина,UA,2053.54248,1,13,142,48.55052046,22.88805633,portrait,UA2104,Mukachivskyi,23UKR021004,Mukachivskyi,81300000,Region,Район,2122700000,UA21040000000077329
Rakhivskyi,Рахівський,Раховский,UA2106,Zakarpatska,Закарпатська,Закарпатская,UA21,Ukraine,Україна,Украина,UA,1844.750977,1,4,29,48.11950191,24.26066722,portrait,UA2106,Rakhivskyi,23UKR021006,Rakhivskyi,81300000,Region,Район,2123600000,UA21060000000059475
Tiachivskyi,Тячівський,Тячевский,UA2108,Zakarpatska,Закарпатська,Закарпатская,UA21,Ukraine,Україна,Украина,UA,1866.804688,1,10,64,48.24745654,23.80920592,portrait,UA2108,Tiachivskyi,23UKR021008,Tiachivskyi,81300000,Region,Район,2124400000,UA21080000000048851
Uzhhorodskyi,Ужгородський,Ужгородский,UA2110,Zakarpatska,Закарпатська,Закарпатская,UA21,Ukraine,Україна,Украина,UA,2359.484619,1,14,125,48.73923237,22.57006719,portrait,UA2110,Uzhhorodskyi,23UKR021010,Uzhhorodskyi,81300000,Region,Район,2124800000,UA21100000000055073
Khustskyi,Хустський,Хустский,UA2112,Zakarpatska,Закарпатська,Закарпатская,UA21,Ukraine,Україна,Украина,UA,3175.929443,2,13,143,48.41068549,23.39856185,portrait,UA2112,Khustskyi,23UKR021012,Khustskyi,81300000,Region,Район,2125300000,UA21120000000022889
Berdianskyi,Бердянський,Бердянский,UA2302,Zaporizka,Запорізька,Запорожская,UA23,Ukraine,Україна,Украина,UA,4458.524902,13,8,113,46.93839798,36.48300476,landscape,UA2302,Berdianskyi,23UKR023002,Berdianskyi,81300000,Region,Район,2320600000,UA23020000000032289
Vasylivskyi,Василівський,Васильевский,UA2304,Zaporizka,Запорізька,Запорожская,UA23,Ukraine,Україна,Украина,UA,4307.703125,1,11,106,47.33290308,35.03707988,landscape,UA2304,Vasylivskyi,23UKR023004,Vasylivskyi,81300000,Region,Район,2320900000,UA23040000000067730
Zaporizkyi,Запорізький,Запорожский,UA2306,Zaporizka,Запорізька,Запорожская,UA23,Ukraine,Україна,Украина,UA,4688.128906,1,17,283,47.86525926,35.43090242,landscape,UA2306,Zaporizkyi,23UKR023006,Zaporizkyi,81300000,Region,Район,2322100000,UA23060000000070350
Melitopolskyi,Мелітопольський,Мелитопольский,UA2308,Zaporizka,Запорізька,Запорожская,UA23,Ukraine,Україна,Украина,UA,6960.004883,1,16,208,46.79319931,35.29521572,landscape,UA2308,Melitopolskyi,23UKR023008,Melitopolskyi,81300000,Region,Район,2323000000,UA23080000000090746
Polohivskyi,Пологівський,Пологовский,UA2310,Zaporizka,Запорізька,Запорожская,UA23,Ukraine,Україна,Украина,UA,6765.928711,1,15,240,47.51848484,36.29141448,landscape,UA2310,Polohivskyi,23UKR023010,Polohivskyi,81300000,Region,Район,2324200000,UA23100000000034132
Verkhovynskyi,Верховинський,Верховинский,UA2602,Ivano-Frankivska,Івано-Франківська,Ивано-Франковская,UA26,Ukraine,Україна,Украина,UA,1254.431641,1,3,43,48.02917829,24.80094214,portrait,UA2602,Verkhovynskyi,23UKR026002,Verkhovynskyi,81300000,Region,Район,2620800000,UA26020000000044654
Ivano-Frankivskyi,Івано-Франківський,Ивано-Франковский,UA2604,Ivano-Frankivska,Івано-Франківська,Ивано-Франковская,UA26,Ukraine,Україна,Украина,UA,3886.852539,1,20,320,48.93855208,24.73729441,portrait,UA2604,Ivano-Frankivskyi,23UKR026004,Ivano-Frankivskyi,81300000,Region,Район,новий,UA26040000000044761
Kaluskyi,Калуський,Калушский,UA2606,Ivano-Frankivska,Івано-Франківська,Ивано-Франковская,UA26,Ukraine,Україна,Украина,UA,3572.577148,1,13,162,48.86505418,23.99968951,portrait,UA2606,Kaluskyi,23UKR026006,Kaluskyi,81300000,Region,Район,2622800000,UA26060000000042554
Kolomyiskyi,Коломийський,Коломыйский,UA2608,Ivano-Frankivska,Івано-Франківська,Ивано-Франковская,UA26,Ukraine,Україна,Украина,UA,2475.860107,1,13,190,48.54360917,25.21714609,landscape,UA2608,Kolomyiskyi,23UKR026008,Kolomyiskyi,81300000,Region,Район,2623200000,UA26080000000050130
Kosivskyi,Косівський,Косовский,UA2610,Ivano-Frankivska,Івано-Франківська,Ивано-Франковская,UA26,Ukraine,Україна,Украина,UA,874.5374146,1,5,40,48.32154730,24.98180715,landscape,UA2610,Kosivskyi,23UKR026010,Kosivskyi,81300000,Region,Район,2623600000,UA26100000000092255
Nadvirnianskyi,Надвірнянський,Надворнянский,UA2612,Ivano-Frankivska,Івано-Франківська,Ивано-Франковская,UA26,Ukraine,Україна,Украина,UA,1868.907593,1,8,50,48.47123981,24.51806570,portrait,UA2612,Nadvirnianskyi,23UKR026012,Nadvirnianskyi,81300000,Region,Район,2624000000,UA26120000000036058
Chornobyl Exclusion Zone,Чорнобильська зона відчуження,Чернобыльская зона отчуждения,UA3200,Kyivska,Київська,Киевская,UA32,Ukraine,Україна,Украина,UA,2573.140869,1,1,2,51.31758765,29.96868514,landscape,UA3200,Chornobylska zona vidchuzhennia,23UKR032000,Chornobylska zona vidchuzhennia,#N/A,#N/A,#N/A,#N/A,#N/A
Bilotserkivskyi,Білоцерківський,Белоцерковский,UA3202,Kyivska,Київська,Киевская,UA32,Ukraine,Україна,Украина,UA,6511.510742,1,13,302,49.62882153,30.07687697,landscape,UA3202,Bilotserkivskyi,23UKR032002,Bilotserkivskyi,81300000,Region,Район,3220400000,UA32020000000057002
Boryspilskyi,Бориспільський,Бориспольский,UA3204,Kyivska,Київська,Киевская,UA32,Ukraine,Україна,Украина,UA,3877.812988,1,11,140,50.08127680,31.45619221,landscape,UA3204,Boryspilskyi,23UKR032004,Boryspilskyi,81300000,Region,Район,3220800000,UA32040000000054694
Brovarskyi,Броварський,Броварский,UA3206,Kyivska,Київська,Киевская,UA32,Ukraine,Україна,Украина,UA,2891.251953,2,8,125,50.43915516,31.36396538,landscape,UA3206,Brovarskyi,23UKR032006,Brovarskyi,81300000,Region,Район,3221200000,UA32060000000012455
Buchanskyi,Бучанський,Бучанский,UA3208,Kyivska,Київська,Киевская,UA32,Ukraine,Україна,Украина,UA,2557.01123,2,12,141,50.54502423,29.88533488,landscape,UA3208,Buchanskyi,23UKR032008,Buchanskyi,81300000,Region,Район,новий,UA32080000000084076
Vyshhorodskyi,Вишгородський,Вышгородский,UA3210,Kyivska,Київська,Киевская,UA32,Ukraine,Україна,Украина,UA,4335.180664,5,7,163,50.91997857,30.08634243,portrait,UA3210,Vyshhorodskyi,23UKR032010,Vyshhorodskyi,81300000,Region,Район,3221800000,UA32100000000065867
Obukhivskyi,Обухівський,Обуховский,UA3212,Kyivska,Київська,Киевская,UA32,Ukraine,Україна,Украина,UA,3640.797363,1,9,200,49.91114904,30.87558049,portrait,UA3212,Obukhivskyi,23UKR032012,Obukhivskyi,81300000,Region,Район,3223100000,UA32120000000081110
Fastivskyi,Фастівський,Фастовский,UA3214,Kyivska,Київська,Киевская,UA32,Ukraine,Україна,Украина,UA,1760.37793,1,9,109,50.19513164,29.98138660,landscape,UA3214,Fastivskyi,23UKR032014,Fastivskyi,81300000,Region,Район,3224900000,UA32140000000020217
Holovanivskyi,Голованівський,Голованевский,UA3502,Kirovohradska,Кіровоградська,Кировоградская,UA35,Ukraine,Україна,Украина,UA,4241.280762,1,10,181,48.35026385,30.40213024,landscape,UA3502,Holovanivskyi,23UKR035002,Holovanivskyi,81300000,Region,Район,3521400000,UA35020000000074289
Kropyvnytskyi,Кропивницький,Кропивницкий,UA3504,Kirovohradska,Кіровоградська,Кировоградская,UA35,Ukraine,Україна,Украина,UA,9716.722656,1,17,416,48.41686837,32.39699619,portrait,UA3504,Kropyvnytskyi,23UKR035004,Kropyvnytskyi,81300000,Region,Район,3522500000,UA35040000000034705
Novoukrainskyi,Новоукраїнський,Новоукраинский,UA3506,Kirovohradska,Кіровоградська,Кировоградская,UA35,Ukraine,Україна,Украина,UA,5198.942871,1,13,242,48.47915228,31.51929225,portrait,UA3506,Novoukrainskyi,23UKR035006,Novoukrainskyi,81300000,Region,Район,3524000000,UA35060000000086172
Oleksandriiskyi,Олександрійський,Александрийский,UA3508,Kirovohradska,Кіровоградська,Кировоградская,UA35,Ukraine,Україна,Украина,UA,5417.841309,1,9,188,48.70695843,33.22562373,portrait,UA3508,Oleksandriiskyi,23UKR035008,Oleksandriiskyi,81300000,Region,Район,3520300000,UA35080000000062763
Alchevskyi,Алчевський,Алчевский,UA4402,Luhanska,Луганська,Луганская,UA44,Ukraine,Україна,Украина,UA,1992.047241,1,3,91,48.52076033,38.71851255,portrait,UA4402,Alchevskyi,23UKR044002,Alchevskyi,81300000,Region,Район,новий,UA44020000000082097
Dovzhanskyi,Довжанський,Должанский,UA4404,Luhanska,Луганська,Луганская,UA44,Ukraine,Україна,Украина,UA,2141.348877,4,2,98,48.11882934,39.66907445,portrait,UA4404,Dovzhanskyi,23UKR044004,Dovzhanskyi,81300000,Region,Район,4424200000,UA44040000000032820
Luhanskyi,Луганський,Луганский,UA4406,Luhanska,Луганська,Луганская,UA44,Ukraine,Україна,Украина,UA,2148.498291,2,3,98,48.44512681,39.33305475,portrait,UA4406,Luhanskyi,23UKR044006,Luhanskyi,81300000,Region,Район,новий,UA44060000000048093
Rovenkivskyi,Ровеньківський,Ровеньковский,UA4408,Luhanska,Луганська,Луганская,UA44,Ukraine,Україна,Украина,UA,2085.473633,1,3,94,48.11477352,39.07465056,landscape,UA4408,Rovenkivskyi,23UKR044008,Rovenkivskyi,81300000,Region,Район,новий,UA44080000000045512
Svativskyi,Сватівський,Сватовский,UA4410,Luhanska,Луганська,Луганская,UA44,Ukraine,Україна,Украина,UA,5314.695313,1,7,181,49.59561575,38.37369234,portrait,UA4410,Svativskyi,23UKR044010,Svativskyi,81300000,Region,Район,4424000000,UA44100000000052765
Sievierodonetskyi,Сєвєродонецький,Северодонецкий,UA4412,Luhanska,Луганська,Луганская,UA44,Ukraine,Україна,Украина,UA,2696.609131,6,6,87,48.97857997,38.44268600,portrait,UA4412,Sievierodonetskyi,23UKR044012,Sievierodonetskyi,81300000,Region,Район,новий,UA44120000000092852
Starobilskyi,Старобільський,Старобельский,UA4414,Luhanska,Луганська,Луганская,UA44,Ukraine,Україна,Украина,UA,6941.534668,1,8,194,49.37537685,39.41054830,landscape,UA4414,Starobilskyi,23UKR044014,Starobilskyi,81300000,Region,Район,4425100000,UA44140000000031142
Shchastynskyi,Щастинський,Счастьинский,UA4416,Luhanska,Луганська,Луганская,UA44,Ukraine,Україна,Украина,UA,3367.737305,1,5,83,48.88681431,39.25416109,landscape,UA4416,Shchastynskyi,23UKR044016,Shchastynskyi,81300000,Region,Район,новий,UA44160000000057142
Drohobytskyi,Дрогобицький,Дрогобычский,UA4602,Lvivska,Львівська,Львовская,UA46,Ukraine,Україна,Украина,UA,1488.921021,1,5,89,49.32084165,23.45371275,portrait,UA4602,Drohobytskyi,23UKR046002,Drohobytskyi,81300000,Region,Район,4621200000,UA46020000000075920
Zolochivskyi,Золочівський,Золочевский,UA4604,Lvivska,Львівська,Львовская,UA46,Ukraine,Україна,Украина,UA,2920.163818,1,7,277,49.95389180,24.91007919,portrait,UA4604,Zolochivskyi,23UKR046004,Zolochivskyi,81300000,Region,Район,6322600000,UA46040000000069196
Lvivskyi,Львівський,Львовский,UA4606,Lvivska,Львівська,Львовская,UA46,Ukraine,Україна,Украина,UA,4969.271973,1,23,530,49.78392936,24.14085213,landscape,UA4606,Lvivskyi,23UKR046006,Lvivskyi,81300000,Region,Район,новий,UA46060000000042587
Sambirskyi,Самбірський,Самборский,UA4608,Lvivska,Львівська,Львовская,UA46,Ukraine,Україна,Украина,UA,3249.931641,1,11,286,49.41394427,22.95064632,portrait,UA4608,Sambirskyi,23UKR046008,Sambirskyi,81300000,Region,Район,4624200000,UA46080000000017237
Stryiskyi,Стрийський,Стрыйский,UA4610,Lvivska,Львівська,Львовская,UA46,Ukraine,Україна,Украина,UA,3852.531494,1,14,292,49.26289503,23.96012958,portrait,UA4610,Stryiskyi,23UKR046010,Stryiskyi,81300000,Region,Район,4625300000,UA46100000000023056
Chervonohradskyi,Червоноградський,Червоноградский,UA4612,Lvivska,Львівська,Львовская,UA46,Ukraine,Україна,Украина,UA,2965.000488,2,7,205,50.35171568,24.35843493,landscape,UA4612,Chervonohradskyi,23UKR046012,Chervonohradskyi,81300000,Region,Район,новий,UA46120000000057093
Yavorivskyi,Яворівський,Яворовский,UA4614,Lvivska,Львівська,Львовская,UA46,Ukraine,Україна,Украина,UA,2378.09668,1,6,248,49.91243191,23.39389800,landscape,UA4614,Yavorivskyi,23UKR046014,Yavorivskyi,81300000,Region,Район,4625800000,UA46140000000036328
Bashtanskyi,Баштанський,Баштанский,UA4802,Mykolaivska,Миколаївська,Николаевская,UA48,Ukraine,Україна,Украина,UA,6711.045898,1,12,279,47.40787588,32.61468652,portrait,UA4802,Bashtanskyi,23UKR048002,Bashtanskyi,81300000,Region,Район,4820600000,UA48020000000033544
Voznesenskyi,Вознесенський,Вознесенский,UA4804,Mykolaivska,Миколаївська,Николаевская,UA48,Ukraine,Україна,Украина,UA,6088.879883,1,13,253,47.58990530,31.39362419,landscape,UA4804,Voznesenskyi,23UKR048004,Voznesenskyi,81300000,Region,Район,4822000000,UA48040000000011780
Mykolaivskyi,Миколаївський,Николаевский,UA4806,Mykolaivska,Миколаївська,Николаевская,UA48,Ukraine,Україна,Украина,UA,7423.901367,6,19,238,47.01656188,31.79912977,portrait,UA4806,Mykolaivskyi,23UKR048006,Mykolaivskyi,81300000,Region,Район,4824200000,UA48060000000094390
Pervomaiskyi,Первомайський,Первомайский,UA4808,Mykolaivska,Миколаївська,Николаевская,UA48,Ukraine,Україна,Украина,UA,3792.889893,1,8,141,47.99221576,30.79598875,landscape,UA4808,Pervomaiskyi,23UKR048008,Pervomaiskyi,81300000,Region,Район,6324500000,UA48080000000082320
Berezivskyi,Березівський,Березовский,UA5102,Odeska,Одеська,Одесская,UA51,Ukraine,Україна,Украина,UA,5551.233887,1,16,226,47.21499627,30.58705745,landscape,UA5102,Berezivskyi,23UKR051002,Berezivskyi,81300000,Region,Район,5121200000,UA51020000000097683
Bilhorod-Dnistrovskyi,Білгород-Дністровський,Белгород-Днестровский,UA5104,Odeska,Одеська,Одесская,UA51,Ukraine,Україна,Украина,UA,5186.423828,1,16,134,46.04672982,29.95730517,portrait,UA5104,Bilhorod-Dnistrovskyi,23UKR051004,Bilhorod-Dnistrovskyi,81300000,Region,Район,5120800000,UA51040000000032911
Bolhradskyi,Болградський,Болградский,UA5106,Odeska,Одеська,Одесская,UA51,Ukraine,Україна,Украина,UA,4505.65332,1,10,99,45.97541738,29.22214915,portrait,UA5106,Bolhradskyi,23UKR051006,Bolhradskyi,81300000,Region,Район,5121400000,UA51060000000057808
Izmailskyi,Ізмаїльський,Измаильский,UA5108,Odeska,Одеська,Одесская,UA51,Ukraine,Україна,Украина,UA,3526.414307,3,6,52,45.52006586,29.08924770,landscape,UA5108,Izmailskyi,23UKR051008,Izmailskyi,81300000,Region,Район,5122000000,UA51080000000061776
Odeskyi,Одеський,Одесский,UA5110,Odeska,Одеська,Одесская,UA51,Ukraine,Україна,Украина,UA,3951.676758,2,22,155,46.53308061,30.53714873,landscape,UA5110,Odeskyi,23UKR051010,Odeskyi,81300000,Region,Район,новий,UA51100000000095786
Podilskyi,Подільський,Подольский,UA5112,Odeska,Одеська,Одесская,UA51,Ukraine,Україна,Украина,UA,7062.415039,1,12,299,47.80940247,29.71359223,landscape,UA5112,Podilskyi,23UKR051012,Podilskyi,81300000,Region,Район,5122900000,UA51120000000021678
Rozdilnianskyi,Роздільнянський,Раздельнянский,UA5114,Odeska,Одеська,Одесская,UA51,Ukraine,Україна,Украина,UA,3564.72998,1,9,209,47.06002189,29.86076351,portrait,UA5114,Rozdilnianskyi,23UKR051014,Rozdilnianskyi,81300000,Region,Район,5123900000,UA51140000000094970
Kremenchutskyi,Кременчуцький,Кременчугский,UA5302,Poltavska,Полтавська,Полтавская,UA53,Ukraine,Україна,Украина,UA,6101.625,1,12,325,49.35944239,33.34188042,landscape,UA5302,Kremenchutskyi,23UKR053002,Kremenchutskyi,81300000,Region,Район,5322400000,UA53020000000034761
Lubenskyi,Лубенський,Лубенский,UA5304,Poltavska,Полтавська,Полтавская,UA53,Ukraine,Україна,Украина,UA,5489.172852,1,7,345,50.03690899,32.84039679,landscape,UA5304,Lubenskyi,23UKR053004,Lubenskyi,81300000,Region,Район,5322800000,UA53040000000081308
Myrhorodskyi,Миргородський,Миргородский,UA5306,Poltavska,Полтавська,Полтавская,UA53,Ukraine,Україна,Украина,UA,6274.567871,2,17,423,50.12834042,33.71862986,portrait,UA5306,Myrhorodskyi,23UKR053006,Myrhorodskyi,81300000,Region,Район,5323200000,UA53060000000045271
Poltavskyi,Полтавський,Полтавский,UA5308,Poltavska,Полтавська,Полтавская,UA53,Ukraine,Україна,Украина,UA,10857.62988,1,24,746,49.54235341,34.57940022,portrait,UA5308,Poltavskyi,23UKR053008,Poltavskyi,81300000,Region,Район,5324000000,UA53080000000068029
Varaskyi,Вараський,Варашский,UA5602,Rivnenska,Рівненська,Ровенская,UA56,Ukraine,Україна,Украина,UA,3327.032471,1,8,116,51.56688593,25.99857614,portrait,UA5602,Varaskyi,23UKR056002,Varaskyi,81300000,Region,Район,новий,UA56020000000011586
Dubenskyi,Дубенський,Дубенский,UA5604,Rivnenska,Рівненська,Ровенская,UA56,Ukraine,Україна,Украина,UA,3295.204346,1,19,303,50.39014648,25.57072878,portrait,UA5604,Dubenskyi,23UKR056004,Dubenskyi,81300000,Region,Район,5621600000,UA56040000000062179
Rivnenskyi,Рівненський,Ровенский,UA5606,Rivnenska,Рівненська,Ровенская,UA56,Ukraine,Україна,Украина,UA,7219.109375,1,26,439,50.73542318,26.52692041,portrait,UA5606,Rivnenskyi,23UKR056006,Rivnenskyi,81300000,Region,Район,5624600000,UA56060000000041446
Sarnenskyi,Сарненський,Сарненский,UA5608,Rivnenska,Рівненська,Ровенская,UA56,Ukraine,Україна,Украина,UA,6216.09668,1,11,168,51.42600740,26.87483247,landscape,UA5608,Sarnenskyi,23UKR056008,Sarnenskyi,81300000,Region,Район,5625400000,UA56080000000096146
Konotopskyi,Конотопський,Конотопский,UA5902,Sumska,Сумська,Сумская,UA59,Ukraine,Україна,Украина,UA,5188.437012,1,8,310,51.30528859,33.58513411,landscape,UA5902,Konotopskyi,23UKR059002,Konotopskyi,81300000,Region,Район,5922000000,UA59020000000081905
Okhtyrskyi,Охтирський,Ахтырский,UA5904,Sumska,Сумська,Сумская,UA59,Ukraine,Україна,Украина,UA,3201.561523,1,9,185,50.39815189,34.98312874,landscape,UA5904,Okhtyrskyi,23UKR059004,Okhtyrskyi,81300000,Region,Район,5920300000,UA59040000000045652
Romenskyi,Роменський,Роменский,UA5906,Sumska,Сумська,Сумская,UA59,Ukraine,Україна,Украина,UA,3882.681396,1,8,297,50.73994413,33.66130086,landscape,UA5906,Romenskyi,23UKR059006,Romenskyi,81300000,Region,Район,5924100000,UA59060000000086008
Sumskyi,Сумський,Сумский,UA5908,Sumska,Сумська,Сумская,UA59,Ukraine,Україна,Украина,UA,6496.790527,1,16,450,50.89984239,34.70596081,landscape,UA5908,Sumskyi,23UKR059008,Sumskyi,81300000,Region,Район,5924700000,UA59080000000057897
Shostkynskyi,Шосткинський,Шосткинский,UA5910,Sumska,Сумська,Сумская,UA59,Ukraine,Україна,Украина,UA,5072.704102,1,10,247,51.90670849,33.76656914,portrait,UA5910,Shostkynskyi,23UKR059010,Shostkynskyi,81300000,Region,Район,5925300000,UA59100000000036457
Kremenetskyi,Кременецький,Кременецкий,UA6102,Ternopilska,Тернопільська,Тернопольская,UA61,Ukraine,Україна,Украина,UA,2635.148926,1,8,204,49.98766972,25.85379323,landscape,UA6102,Kremenetskyi,23UKR061002,Kremenetskyi,81300000,Region,Район,6123400000,UA61020000000016944
Ternopilskyi,Тернопільський,Тернопольский,UA6104,Ternopilska,Тернопільська,Тернопольская,UA61,Ukraine,Україна,Украина,UA,6162.384277,1,25,492,49.50026957,25.47397796,landscape,UA6104,Ternopilskyi,23UKR061004,Ternopilskyi,81300000,Region,Район,6125200000,UA61040000000090285
Chortkivskyi,Чортківський,Чортковский,UA6106,Ternopilska,Тернопільська,Тернопольская,UA61,Ukraine,Україна,Украина,UA,5035.869141,1,22,362,48.93774378,25.78043705,landscape,UA6106,Chortkivskyi,23UKR061006,Chortkivskyi,81300000,Region,Район,6125500000,UA61060000000068766
Bohodukhivskyi,Богодухівський,Богодуховский,UA6302,Kharkivska,Харківська,Харьковская,UA63,Ukraine,Україна,Украина,UA,4509.897949,1,5,353,50.02418543,35.40307249,landscape,UA6302,Bohodukhivskyi,23UKR063002,Bohodukhivskyi,81300000,Region,Район,6320800000,UA63020000000066931
Iziumskyi,Ізюмський,Изюмский,UA6304,Kharkivska,Харківська,Харьковская,UA63,Ukraine,Україна,Украина,UA,5911.361816,1,8,228,49.25495202,37.10883104,landscape,UA6304,Iziumskyi,23UKR063004,Iziumskyi,81300000,Region,Район,6322800000,UA63040000000023521
Krasnohradskyi,Красноградський,Красноградский,UA6306,Kharkivska,Харківська,Харьковская,UA63,Ukraine,Україна,Украина,UA,4333.967285,1,6,220,49.28414111,35.66394226,landscape,UA6306,Krasnohradskyi,23UKR063006,Krasnohradskyi,81300000,Region,Район,6323300000,UA63060000000053698
Kupianskyi,Куп'янський,Купянский,UA6308,Kharkivska,Харківська,Харьковская,UA63,Ukraine,Україна,Украина,UA,4620.030273,1,8,269,49.83513215,37.54014953,portrait,UA6308,Kupianskyi,23UKR063008,Kupianskyi,81300000,Region,Район,6323700000,UA63080000000032022
Lozivskyi,Лозівський,Лозовский,UA6310,Kharkivska,Харківська,Харьковская,UA63,Ukraine,Україна,Украина,UA,4028.928711,1,5,247,48.94000649,36.40135550,portrait,UA6310,Lozivskyi,23UKR063010,Lozivskyi,81300000,Region,Район,6323900000,UA63100000000059237
Kharkivskyi,Харківський,Харьковский,UA6312,Kharkivska,Харківська,Харьковская,UA63,Ukraine,Україна,Украина,UA,3223.83374,1,15,208,49.99409429,36.18822721,portrait,UA6312,Kharkivskyi,23UKR063012,Kharkivskyi,81300000,Region,Район,6325100000,UA63120000000091135
Chuhuivskyi,Чугуївський,Чугуевский,UA6314,Kharkivska,Харківська,Харьковская,UA63,Ukraine,Україна,Украина,UA,4807.081543,1,9,226,49.85939538,36.79489235,landscape,UA6314,Chuhuivskyi,23UKR063014,Chuhuivskyi,81300000,Region,Район,6325400000,UA63140000000096278
Beryslavskyi,Бериславський,Бериславский,UA6502,Khersonska,Херсонська,Херсонская,UA65,Ukraine,Україна,Украина,UA,4760.589355,1,11,151,47.17207962,33.45373643,portrait,UA6502,Beryslavskyi,23UKR065002,Beryslavskyi,81300000,Region,Район,6520600000,UA65020000000032929
Henicheskyi,Генічеський,Генический,UA6504,Khersonska,Херсонська,Херсонская,UA65,Ukraine,Україна,Украина,UA,6504.719238,3,4,163,46.49351321,34.47705328,portrait,UA6504,Henicheskyi,23UKR065004,Henicheskyi,81300000,Region,Район,6522100000,UA65040000000088940
Kakhovskyi,Каховський,Каховский,UA6506,Khersonska,Херсонська,Херсонская,UA65,Ukraine,Україна,Украина,UA,6290.006348,1,15,162,46.72140625,33.70547598,portrait,UA6506,Kakhovskyi,23UKR065006,Kakhovskyi,81300000,Region,Район,6523500000,UA65060000000061947
Skadovskyi,Скадовський,Скадовский,UA6508,Khersonska,Херсонська,Херсонская,UA65,Ukraine,Україна,Украина,UA,5247.73877,2,9,114,46.29618164,32.51110702,landscape,UA6508,Skadovskyi,23UKR065008,Skadovskyi,81300000,Region,Район,6524700000,UA65080000000090947
Khersonskyi,Херсонський,Херсонский,UA6510,Khersonska,Херсонська,Херсонская,UA65,Ukraine,Україна,Украина,UA,3854.149658,1,10,106,46.66903998,32.72044599,landscape,UA6510,Khersonskyi,23UKR065010,Khersonskyi,81300000,Region,Район,новий,UA65100000000029736
Kamianets-Podilskyi,Кам'янець-Подільський,Каменец-Подольский,UA6802,Khmelnytska,Хмельницька,Хмельницкая,UA68,Ukraine,Україна,Украина,UA,4522.619141,1,15,338,48.81347684,26.80182424,landscape,UA6802,Kamianets-Podilskyi,23UKR068002,Kamianets-Podilskyi,81300000,Region,Район,6822400000,UA68020000000016021
Khmelnytskyi,Хмельницький,Хмельницкий,UA6804,Khmelnytska,Хмельницька,Хмельницкая,UA68,Ukraine,Україна,Украина,UA,10758.46777,1,27,749,49.46907108,27.00104962,landscape,UA6804,Khmelnytskyi,23UKR068004,Khmelnytskyi,81300000,Region,Район,6825000000,UA68040000000086061
Shepetivskyi,Шепетівський,Шепетовский,UA6806,Khmelnytska,Хмельницька,Хмельницкая,UA68,Ukraine,Україна,Украина,UA,5346.439453,1,18,364,50.16006510,26.93266181,landscape,UA6806,Shepetivskyi,23UKR068006,Shepetivskyi,81300000,Region,Район,6825500000,UA68060000000040570
Zvenyhorodskyi,Звенигородський,Звенигородский,UA7102,Cherkaska,Черкаська,Черкасская,UA71,Ukraine,Україна,Украина,UA,5280.581543,1,17,243,49.05905036,31.02081448,landscape,UA7102,Zvenyhorodskyi,23UKR071002,Zvenyhorodskyi,81300000,Region,Район,7121200000,UA71020000000057292
Zolotoniskyi,Золотоніський,Золотоношский,UA7104,Cherkaska,Черкаська,Черкасская,UA71,Ukraine,Україна,Украина,UA,4256.692871,1,11,168,49.73603290,32.14679003,portrait,UA7104,Zolotoniskyi,23UKR071004,Zolotoniskyi,81300000,Region,Район,7121500000,UA71040000000022553
Umanskyi,Уманський,Уманский,UA7106,Cherkaska,Черкаська,Черкасская,UA71,Ukraine,Україна,Украина,UA,4517.707031,1,12,199,48.91553123,30.14652415,portrait,UA7106,Umanskyi,23UKR071006,Umanskyi,81300000,Region,Район,7124300000,UA71060000000030325
Cherkaskyi,Черкаський,Черкасский,UA7108,Cherkaska,Черкаська,Черкасская,UA71,Ukraine,Україна,Украина,UA,6884.352539,1,26,244,49.30875758,31.85033736,landscape,UA7108,Cherkaskyi,23UKR071008,Cherkaskyi,81300000,Region,Район,7124900000,UA71080000000036344
Vyzhnytskyi,Вижницький,Вижницкий,UA7302,Chernivetska,Чернівецька,Черновицкая,UA73,Ukraine,Україна,Украина,UA,1878.462158,3,9,95,48.06334366,25.19623038,portrait,UA7302,Vyzhnytskyi,23UKR073002,Vyzhnytskyi,81300000,Region,Район,7320500000,UA73020000000038148
Dnistrovskyi,Дністровський,Днестровский,UA7304,Chernivetska,Чернівецька,Черновицкая,UA73,Ukraine,Україна,Украина,UA,2116.90332,1,10,107,48.46736451,26.79608468,landscape,UA7304,Dnistrovskyi,23UKR073004,Dnistrovskyi,81300000,Region,Район,новий,UA73040000000031528
Chernivetskyi,Чернівецький,Черновицкий,UA7306,Chernivetska,Чернівецька,Черновицкая,UA73,Ukraine,Україна,Украина,UA,4099.375488,1,33,215,48.25452690,25.88656555,landscape,UA7306,Cnernivetskyi,23UKR073006,Cnernivetskyi,81300000,Region,Район,0524900000,UA73060000000061247
Koriukivskyi,Корюківський,Корюковский,UA7402,Chernihivska,Чернігівська,Черниговская,UA74,Ukraine,Україна,Украина,UA,4598.282715,2,5,218,51.72752619,32.22385081,portrait,UA7402,Koriukivskyi,23UKR074002,Koriukivskyi,81300000,Region,Район,7422400000,UA74020000000089267
Nizhynskyi,Ніжинський,Нежинский,UA7404,Chernihivska,Чернігівська,Черниговская,UA74,Ukraine,Україна,Украина,UA,7223.043457,1,17,318,51.02162542,31.82724495,landscape,UA7404,Nizhynskyi,23UKR074004,Nizhynskyi,81300000,Region,Район,7423300000,UA74040000000028062
Novhorod-Siverskyi,Новгород-Сіверський,Новгород-Северский,UA7406,Chernihivska,Чернігівська,Черниговская,UA74,Ukraine,Україна,Украина,UA,4635.252441,2,4,222,51.97680668,32.98146150,portrait,UA7406,Novhorod-Siverskyi,23UKR074006,Novhorod-Siverskyi,81300000,Region,Район,7423600000,UA74060000000063946
Prylutskyi,Прилуцький,Прилукский,UA7408,Chernihivska,Чернігівська,Черниговская,UA74,Ukraine,Україна,Украина,UA,5212.756836,1,11,279,50.69146526,32.54958241,landscape,UA7408,Prylutskyi,23UKR074008,Prylutskyi,81300000,Region,Район,7424100000,UA74080000000030554
Chernihivskyi,Чернігівський,Черниговский,UA7410,Chernihivska,Чернігівська,Черниговская,UA74,Ukraine,Україна,Украина,UA,10229.57715,1,20,472,51.47557560,31.17199199,portrait,UA7410,Chernihivskyi,23UKR074010,Chernihivskyi,81300000,Region,Район,7425500000,UA74100000000047140
Kyiv,Київ,Киев,UA8000,Kyiv,Київ,Киев,UA80,Ukraine,Україна,Украина,UA,824.9214478,1,1,1,50.42981047,30.55437837,portrait,UA8000,Kiev City,23UKR080000,Kyivska,81400000,Council,Рада,#N/A,#N/A
Sevastopol,Севастополь,Севастополь,UA8500,Sevastopol,Севастополь,Севастополь,UA85,Ukraine,Україна,Украина,UA,57.44826126,4,1,1,44.59310370,33.51229933,portrait,UA8500,Sevastopilska,23UKR085000,Sevastopilska,81400000,Council,Рада,#N/A,#N/A
